FABRICANTE,DATA,CODIGO,PRODUTO,QTD,OBS
GREE,01/10/26,7624,Evap PT GTC56CCXK-S6DNA1A/I G-Prime Inverter Compact R32 220V FRIO Mono - Gree,90,
GREE,01/10/26,7625,Cond PT GTC56EEXK-S6DNF6A/O G-Prime Inverter Compact R32 220V FRIO Mono - Gree,90,
AGRATTO,02/10/26,6004,AGRATTO ACDA120I-02 Cortina de Ar Branca 120cm - Agratto,150,
GREE,02/10/26,7624,Evap PT GTC56CCXK-S6DNA1A/I G-Prime Inverter Compact R32 220V FRIO Mono - Gree,50,
GREE,02/10/26,7625,Cond PT GTC56EEXK-S6DNF6A/O G-Prime Inverter Compact R32 220V FRIO Mono - Gree,50,
GREE,02/10/26,7617,Evap. PT GULD36ZD1/A-S G-Prime Inverter Compact R32 220-240V FRIO Mono - Gree,30,
GREE,02/10/26,7618,Cond. PT GULD36W1/NhA-S G-Prime Inverter Compact R32 220-240V FRIO Mono - Gree,30,
GREE,02/10/26,7730,Evap K7 GKC54EEXK-S6DNF6A/I G-Prime Inverter Compact R32 Frio 220V - Gree,15,
GREE,02/10/26,7731,Cond K7 GKC54EEXK-S6DNF6A/O G-Prime Inverter Compact R32 Frio 220V - Gree,15,
GREE,02/10/26,7708,Painel K7 TF06 (24-56) G-Prime Inverter para Compact / Plus - Gree,15,
GREE,02/10/26,7407,Evap GWH09ATBXB-D6DNA3B/I G-Side Auto Inverter - Gree,60,
GREE,02/10/26,7408,Cond GWH09AWBXB-D6DNA4B/O G-Side Auto Inverter - Gree,60,
GREE,02/10/26,7191,Evap. GWH24ATE-D6DNA1A/I - G-Top Auto Inverter - Gree,96,
GREE,02/10/26,7192,Cond. GWH24ATE-D6DNA1A/O - G-Top Auto Inverter - Gree,96,
GREE,02/10/26,7425,Evap GWC09ATCXB-D6DNA3D/I G-Side Auto Inverter - Gree,150,
GREE,02/10/26,7426,Cond GWC09ATCXB-D6DNA3D/O G-Side Auto Inverter - Gree,150,
GREE,02/10/26,7423,Evap GWH30ATEXF-S6DNA3A/I G-Side Auto Inverter - Gree,100,
GREE,02/10/26,7424,Cond GWH30ATEXF-S6DNA1AS/O G-Side Auto Inverter - Gree,100,
GREE,02/10/26,7411,Evap GWH12ATCXB-D6DNA3C/I G-Side Auto Inverter - Gree,165,
GREE,02/10/26,7412,Cond GWH12AWCXB-D6DNA4C/O G-Side Auto Inverter - Gree,165,
GREE,05/10/26,7187,Evap. GWH18ATD-D6DNA1A/I - G-Top Auto Inverter - Gree,60,
GREE,05/10/26,7188,Cond. GWH18ATD-D6DNA1A/O - G-Top Auto Inverter - Gree,60,
GREE,05/10/26,7191,Evap. GWH24ATE-D6DNA1A/I - G-Top Auto Inverter - Gree,60,
GREE,05/10/26,7192,Cond. GWH24ATE-D6DNA1A/O - G-Top Auto Inverter - Gree,60,
GREE,05/10/26,7427,Evap GWC12ATBXB-D6DNA3E/I G-Side Auto Inverter - Gree,194,
GREE,05/10/26,7428,Cond GWC12ATBXB-D6DNA3E/O G-Side Auto Inverter - Gree,194,
GREE,05/10/26,7201,Cond. 3GWHD(24)ND6BO Multi - Gree,65,
GREE,05/10/26,7230,Evap. GWH(09)ATB-D6DNA1A/I - G-Top Auto Multi - Gree,195,
GREE,05/10/26,7203,Cond. 4GWHD(36)ND6BO Multi - Gree,35,
GREE,05/10/26,7242,Evap. K71v GKH(12)DA-D6DNA1A/I - Multi - Gree,70,
GREE,05/10/26,7240,Painel K71v TD01 Multi - Gree,70,
GREE,05/10/26,7203,Cond. 4GWHD(36)ND6BO Multi - Gree,10,
GREE,05/10/26,7241,Evap. K71v GKH(09)DA-D6DNA1A/I - Multi - Gree,40,
GREE,05/10/26,7240,Painel K71v TD01 Multi - Gree,40,
GREE,05/10/26,7201,Cond. 3GWHD(24)ND6BO Multi - Gree,5,
GREE,05/10/26,7220,Evap. GWH(09)ACA-D6DNA1A/I - G-Diamond Top Multi - Gree,15,
TCL,07/10/26,110303,Cond K71v TAC-12CHRG-O Q/F- TCL,30,
TCL,07/10/26,110302,Evap K71v TAC-12CHRG-I c/ Painel - Q/F - TCL,30,
TCL,07/10/26,110301,Cond K71v TAC-12CRG-O Frio - TCL,60,
TCL,07/10/26,110300,Evap K71v TAC-12CRG-I c/ Painel - Frio - TCL,60,
TCL,07/10/26,110304,Evap K71v TAC-18CRG-I c/ Painel - Frio - TCL,42,
TCL,07/10/26,110305,Cond K71v TAC-18CRG-O Frio - TCL,42,
GREE,07/10/26,7200,Cond. 2GWHD(18)ND6BO Multi - Gree,60,
GREE,07/10/26,7230,Evap. GWH(09)ATB-D6DNA1A/I - G-Top Auto Multi - Gree,120,
GREE,07/10/26,7202,Cond. 3GWHD(30)ND6BO Multi - Gree,10,
GREE,07/10/26,7230,Evap. GWH(09)ATB-D6DNA1A/I - G-Top Auto Multi - Gree,20,
GREE,07/10/26,7202,Cond. 3GWHD(30)ND6BO Multi - Gree,10,
GREE,07/10/26,7243,Evap. K71v GKH(18)DA-D6DNA1A/I - Multi - Gree,20,
GREE,07/10/26,7240,Painel K71v TD01 Multi - Gree,20,
GREE,07/10/26,7203,Cond. 4GWHD(36)ND6BO Multi - Gree,25,
GREE,07/10/26,7243,Evap. K71v GKH(18)DA-D6DNA1A/I - Multi - Gree,50,
GREE,07/10/26,7240,Painel K71v TD01 Multi - Gree,50,
GREE,07/10/26,7204,Cond. 5GWHD(42)ND6BO Multi - Gree,20,
GREE,07/10/26,7241,Evap. K71v GKH(09)DA-D6DNA1A/I - Multi - Gree,20,
GREE,07/10/26,7244,Evap. K71v GKH(22)DA-D6DNA1A/I - Multi - Gree,40,
GREE,07/10/26,7240,Painel K71v TD01 Multi - Gree,60,
GREE,07/10/26,7427,Evap GWC12ATBXB-D6DNA3E/I G-Side Auto Inverter - Gree,376,
GREE,07/10/26,7428,Cond GWC12ATBXB-D6DNA3E/O G-Side Auto Inverter - Gree,376,
