FABRICANTE,NF,CODIGO,DESCRIÇÃO,QTD,COLETA,TRANSPORTADORA
MIDEA,424409,4775,Cond 38EMVQA24M5 AI Ecomaster Preto Grafite Q/F - Midea,5,24/09/26,O PROPRIO
MIDEA,424409,4774,Evap 42EMVQA24M5 AI Ecomaster Preto Grafite Q/F- Midea,5,24/09/26,O PROPRIO
MIDEA,424410,40015,Cond. 38EZVQA24M5 Inverter AI Ecomaster (R32) Q/F - Midea,50,24/09/26,O PROPRIO
MIDEA,424410,40014,Evap. 42EZVQA24M5 Inverter AI Ecomaster (R32) Q/F - Midea,50,24/09/26,O PROPRIO
MIDEA,424411,4950,Cond. 38AGVQC30M5 Inverter Xtreme Save Connect Q/F - Midea,60,24/09/26,O PROPRIO
MIDEA,424411,4949,Evap. 42AGVQC30M5 Inverter Xtreme Save Connect Q/F - Midea,60,24/09/26,O PROPRIO
MIDEA,424412,4336,Cond. K7 38CCVF36515MCA Inverter R32 Frio 220v Mono - Carrier,10,24/09/26,O PROPRIO
MIDEA,424412,4335,Evap. K7 40KVQF36C5A Inverter - Carrier,10,24/09/26,O PROPRIO
MIDEA,424413,4336,Cond. K7 38CCVF36515MCA Inverter R32 Frio 220v Mono - Carrier,4,24/09/26,O PROPRIO
MIDEA,424413,4335,Evap. K7 40KVQF36C5A Inverter - Carrier,4,24/09/26,O PROPRIO
MIDEA,424414,4353,Cond K7 1v 38TVQF12515MC Inverter QF - Carrier,5,24/09/26,O PROPRIO
MIDEA,424414,4351,Evap K7 1v 40KVQOF12C5 Inverter + Painel - Carrier,5,24/09/26,O PROPRIO
MIDEA,424415,49089,Cond. 38CCU060535 Built-in Versatile Frio 220V T - Carrier,8,24/09/26,O PROPRIO
MIDEA,424416,4231,Cond. Teto 38CCVF60515MM Inverter R32 Frio 220v Mono - Midea,20,24/09/26,O PROPRIO
MIDEA,424416,4230,Evap Teto 42ZQVF60M5C Inverter - Midea,20,24/09/26,O PROPRIO
MIDEA,424417,4771,Cond 38EMVQA12M5 AI Ecomaster Preto Grafite Q/F- Midea,5,24/09/26,O PROPRIO
MIDEA,424417,4770,Evap 42EMVQA12M5 AI Ecomaster Preto Grafite Q/F - Midea,5,24/09/26,O PROPRIO
MIDEA,424417,4773,Cond 38EMVQA18M5 AI Ecomaster Preto Grafite Q/F - Midea,5,24/09/26,O PROPRIO
MIDEA,424417,4772,Evap 42EMVQA18M5 AI Ecomaster Preto Grafite Q/F - Midea,5,24/09/26,O PROPRIO
MIDEA,424418,0,Produto não encontrado 38EZVCC12M5,2,24/09/26,O PROPRIO
MIDEA,424418,0,Produto não encontrado 42EZVCC12M5,2,24/09/26,O PROPRIO
MIDEA,21706,4065,Grelha K7 40KWFLB (22-60) Inverter,10,24/09/26,O PROPRIO
MIDEA,21707,4065,Grelha K7 40KWFLB (22-60) Inverter,4,24/09/26,O PROPRIO
DAIKIN,139341,50480,Controle Remoto C/ FIO BRC1H63K Madoka (preto) - Daikin,1,21/09/26,CORREIOS - SEDEX
DAIKIN,26890,5514,Cond. 3MKC18S5VL p/ R32 - MULTI - Frio - Daikin,30,26/09/26,SUPERSONIC LOGISTICA E TRANSPORTES LTDA
DAIKIN,26890,5532,Evap. HW09 CTKC09S5VL p/ R32 - Frio - Daikin,20,26/09/26,SUPERSONIC LOGISTICA E TRANSPORTES LTDA
DAIKIN,26890,5533,Evap. HW12 CTKC12S5VL p/ R32 - Frio - Daikin,50,26/09/26,SUPERSONIC LOGISTICA E TRANSPORTES LTDA
DAIKIN,26891,5160,Evap. FTKC24T5VL Full Inverter R-32 24 Frio - Daikin,25,26/09/26,SUPERSONIC LOGISTICA E TRANSPORTES LTDA
DAIKIN,26891,5161,Cond. RKC24T5VL Full Inverter R-32 24 Frio - Daikin,25,26/09/26,SUPERSONIC LOGISTICA E TRANSPORTES LTDA
DAIKIN,26892,5525,Evap. HW09 CTXS09PMVM - Daikin,100,26/09/26,SUPERSONIC LOGISTICA E TRANSPORTES LTDA
DAIKIN,26892,5526,Evap. HW12 CTXS12PMVM - Daikin,100,26/09/26,SUPERSONIC LOGISTICA E TRANSPORTES LTDA
DAIKIN,26893,5513,Cond. 2MXC18RMVM p/ R32- MULTI - Q/F - Daikin,50,26/09/26,SUPERSONIC LOGISTICA E TRANSPORTES LTDA
DAIKIN,26894,5502,Cond. 4MXS28PMVM - MULTI - Q/F - Daikin,25,26/09/26,SUPERSONIC LOGISTICA E TRANSPORTES LTDA
DAIKIN,26894,5508,Cond. 4MXS34PMVM - MULTI - Q/F - Daikin,25,26/09/26,SUPERSONIC LOGISTICA E TRANSPORTES LTDA
DAIKIN,26899,5512,Cond. 2MXS18PMVM - MULTI - Q/F - Daikin,35,28/09/26,SUPERSONIC LOGISTICA E TRANSPORTES LTDA
DAIKIN,26899,5501,Cond. 3MXS24PMVM - MULTI - Q/F - Daikin,40,28/09/26,SUPERSONIC LOGISTICA E TRANSPORTES LTDA
DAIKIN,26899,5502,Cond. 4MXS28PMVM - MULTI - Q/F - Daikin,25,28/09/26,SUPERSONIC LOGISTICA E TRANSPORTES LTDA
DAIKIN,26899,5508,Cond. 4MXS34PMVM - MULTI - Q/F - Daikin,25,28/09/26,SUPERSONIC LOGISTICA E TRANSPORTES LTDA
DAIKIN,26898,5530,Evap. HW09 CTXC09RMVM p/ R32 - Daikin,80,28/09/26,SUPERSONIC LOGISTICA E TRANSPORTES LTDA
DAIKIN,26898,5531,Evap. HW12 CTXC12RMVM p/ R32 - Daikin,50,28/09/26,SUPERSONIC LOGISTICA E TRANSPORTES LTDA
DAIKIN,26900,5525,Evap. HW09 CTXS09PMVM - Daikin,100,28/09/26,SUPERSONIC LOGISTICA E TRANSPORTES LTDA
GREE,146216,7189,Evap. GWC24ATE-D6DNA1A/I - G-Top Auto Inverter - Gree,100,31/08/26,BUSSOLA
GREE,146216,7190,Cond. GWC24ATE-D6DNA1A/O - G-Top Auto Inverter - Gree,100,31/08/26,BUSSOLA
GREE,146216,7193,Evap. GWC30ATEXF-S6DNA1A/I - G-Top Auto Inverter - Gree,100,31/08/26,BUSSOLA
GREE,146216,7194,Cond. GWC30ATEXF-S6DNA1A/O - G-Top Auto Inverter - Gree,100,31/08/26,BUSSOLA
GREE,147136,7201,Cond. 3GWHD(24)ND6BO Multi - Gree,65,17/09/26,SUPERSONIC LOGISTICA E TRANSPORTES LTDA
GREE,147136,7230,Evap. GWH(09)ATB-D6DNA1A/I - G-Top Auto Multi - Gree,195,17/09/26,SUPERSONIC LOGISTICA E TRANSPORTES LTDA
GREE,147137,7203,Cond. 4GWHD(36)ND6BO Multi - Gree,35,17/09/26,SUPERSONIC LOGISTICA E TRANSPORTES LTDA
GREE,147137,7242,Evap. K71v GKH(12)DA-D6DNA1A/I - Multi - Gree,70,17/09/26,SUPERSONIC LOGISTICA E TRANSPORTES LTDA
GREE,147137,7240,Painel K71v TD01 Multi - Gree,70,17/09/26,SUPERSONIC LOGISTICA E TRANSPORTES LTDA
GREE,147138,7203,Cond. 4GWHD(36)ND6BO Multi - Gree,10,17/09/26,SUPERSONIC LOGISTICA E TRANSPORTES LTDA
GREE,147138,7241,Evap. K71v GKH(09)DA-D6DNA1A/I - Multi - Gree,40,17/09/26,SUPERSONIC LOGISTICA E TRANSPORTES LTDA
GREE,147138,7240,Painel K71v TD01 Multi - Gree,40,17/09/26,SUPERSONIC LOGISTICA E TRANSPORTES LTDA
GREE,147139,7201,Cond. 3GWHD(24)ND6BO Multi - Gree,5,17/09/26,SUPERSONIC LOGISTICA E TRANSPORTES LTDA
GREE,147139,7220,Evap. GWH(09)ACA-D6DNA1A/I - G-Diamond Top Multi - Gree,15,17/09/26,SUPERSONIC LOGISTICA E TRANSPORTES LTDA
GREE,147142,7200,Cond. 2GWHD(18)ND6BO Multi - Gree,60,17/09/26,SUPERSONIC LOGISTICA E TRANSPORTES LTDA
GREE,147142,7230,Evap. GWH(09)ATB-D6DNA1A/I - G-Top Auto Multi - Gree,120,17/09/26,SUPERSONIC LOGISTICA E TRANSPORTES LTDA
GREE,147143,7202,Cond. 3GWHD(30)ND6BO Multi - Gree,10,17/09/26,SUPERSONIC LOGISTICA E TRANSPORTES LTDA
GREE,147143,7230,Evap. GWH(09)ATB-D6DNA1A/I - G-Top Auto Multi - Gree,20,17/09/26,SUPERSONIC LOGISTICA E TRANSPORTES LTDA
GREE,147145,7202,Cond. 3GWHD(30)ND6BO Multi - Gree,10,17/09/26,SUPERSONIC LOGISTICA E TRANSPORTES LTDA
GREE,147145,7243,Evap. K71v GKH(18)DA-D6DNA1A/I - Multi - Gree,20,17/09/26,SUPERSONIC LOGISTICA E TRANSPORTES LTDA
GREE,147145,7240,Painel K71v TD01 Multi - Gree,20,17/09/26,SUPERSONIC LOGISTICA E TRANSPORTES LTDA
GREE,147147,7203,Cond. 4GWHD(36)ND6BO Multi - Gree,25,17/09/26,SUPERSONIC LOGISTICA E TRANSPORTES LTDA
GREE,147147,7243,Evap. K71v GKH(18)DA-D6DNA1A/I - Multi - Gree,50,17/09/26,SUPERSONIC LOGISTICA E TRANSPORTES LTDA
GREE,147147,7240,Painel K71v TD01 Multi - Gree,50,17/09/26,SUPERSONIC LOGISTICA E TRANSPORTES LTDA
GREE,147149,7204,Cond. 5GWHD(42)ND6BO Multi - Gree,20,17/09/26,SUPERSONIC LOGISTICA E TRANSPORTES LTDA
GREE,147149,7241,Evap. K71v GKH(09)DA-D6DNA1A/I - Multi - Gree,20,17/09/26,SUPERSONIC LOGISTICA E TRANSPORTES LTDA
GREE,147149,7244,Evap. K71v GKH(22)DA-D6DNA1A/I - Multi - Gree,40,17/09/26,SUPERSONIC LOGISTICA E TRANSPORTES LTDA
GREE,147149,7240,Painel K71v TD01 Multi - Gree,60,17/09/26,SUPERSONIC LOGISTICA E TRANSPORTES LTDA
GREE,147234,7427,Evap GWC12ATBXB-D6DNA3E/I G-Side Auto Inverter - Gree,376,19/09/26,SUPERSONIC LOGISTICA E TRANSPORTES LTDA
GREE,147234,7428,Cond GWC12ATBXB-D6DNA3E/O G-Side Auto Inverter - Gree,376,19/09/26,SUPERSONIC LOGISTICA E TRANSPORTES LTDA
GREE,147494,7730,Evap K7 GKC54EEXK-S6DNF6A/I G-Prime Inverter Compact R32 Frio 220V - Gree,10,23/09/26,SUPERSONIC LOGISTICA E TRANSPORTES LTDA
GREE,147494,7731,Cond K7 GKC54EEXK-S6DNF6A/O G-Prime Inverter Compact R32 Frio 220V - Gree,10,23/09/26,SUPERSONIC LOGISTICA E TRANSPORTES LTDA
GREE,147494,7708,Painel K7 TF06 (24-56) G-Prime Inverter para Compact / Plus - Gree,10,23/09/26,SUPERSONIC LOGISTICA E TRANSPORTES LTDA
GREE,147495,7411,Evap GWH12ATCXB-D6DNA3C/I G-Side Auto Inverter - Gree,200,23/09/26,SUPERSONIC LOGISTICA E TRANSPORTES LTDA
GREE,147495,7412,Cond GWH12AWCXB-D6DNA4C/O G-Side Auto Inverter - Gree,200,23/09/26,SUPERSONIC LOGISTICA E TRANSPORTES LTDA
GREE,147495,7427,Evap GWC12ATBXB-D6DNA3E/I G-Side Auto Inverter - Gree,130,23/09/26,SUPERSONIC LOGISTICA E TRANSPORTES LTDA
GREE,147495,7428,Cond GWC12ATBXB-D6DNA3E/O G-Side Auto Inverter - Gree,130,23/09/26,SUPERSONIC LOGISTICA E TRANSPORTES LTDA
GREE,147534,7726,Evap K7 GKC24ECXF-S6DNF6B/I G-Prime Inverter Compact R32 Frio 220V - Gree,40,23/09/26,SUPERSONIC LOGISTICA E TRANSPORTES LTDA
GREE,147534,7727,Cond K7 GKC24ECXF-S6DNF6B/O G-Prime Inverter Compact R32 Frio 220V - Gree,40,23/09/26,SUPERSONIC LOGISTICA E TRANSPORTES LTDA
GREE,147534,7708,Painel K7 TF06 (24-56) G-Prime Inverter para Compact / Plus - Gree,40,23/09/26,SUPERSONIC LOGISTICA E TRANSPORTES LTDA
GREE,147534,7730,Evap K7 GKC54EEXK-S6DNF6A/I G-Prime Inverter Compact R32 Frio 220V - Gree,75,23/09/26,SUPERSONIC LOGISTICA E TRANSPORTES LTDA
GREE,147534,7731,Cond K7 GKC54EEXK-S6DNF6A/O G-Prime Inverter Compact R32 Frio 220V - Gree,75,23/09/26,SUPERSONIC LOGISTICA E TRANSPORTES LTDA
GREE,147534,7708,Painel K7 TF06 (24-56) G-Prime Inverter para Compact / Plus - Gree,75,23/09/26,SUPERSONIC LOGISTICA E TRANSPORTES LTDA
TCL,49253,110102,Ar Cond. TAC-36CSGS/CF-INV TCL Piso Teto 36 Frio,35,16/09/26,0
TCL,49254,110032,Evap TAC-18CTG3-INV-I BreezeIN AI Frio - TCL,57,16/09/26,0
TCL,49254,110033,Cond TAC-18CTG3-INV-O BreezeIN AI Frio - TCL,57,16/09/26,0
